Workbook

Sheet Sheet1
A1: espn_name | B1: kenpom_name | C1: adj_em
A2: Akron Zips | B2: Akron | C2: 12.8
A3: Alabama Crimson Tide | B3: Alabama | C3: 25.72
A4: Arizona Wildcats | B4: Arizona | C4: 37.66
A5: Arkansas Razorbacks | B5: Arkansas | C5: 26.05
A6: BYU Cougars | B6: BYU | C6: 23.25
A7: California Baptist Lancers | B7: Cal Baptist | C7: 5.99
A8: Clemson Tigers | B8: Clemson | C8: 19.24
A9: Duke Blue Devils | B9: Duke | C9: 38.9
A10: Florida Gators | B10: Florida | C10: 33.79
A11: Furman Paladins | B11: Furman | C11: -1.98
A12: Georgia Bulldogs | B12: Georgia | C12: 20.48
A13: Gonzaga Bulldogs | B13: Gonzaga | C13: 28.1
... A69: Wright State Raiders | B69: Wright St. | C69: 2.04

Sheet Sheet2
A1: kenpom_name | B1: espn_name | C1: rd2_pct | D1: s16_pct | E1: e8_pct | F1: f4_pct | G1: final_pct | H1: champ_pct | I1: NumGames
A2: Duke | B2: =INDEX(Sheet1!$A:$A,MATCH(A2,Sheet1!$B:$B,0)) -> Duke Blue Devils | C2: 99.1 | D2: 85.3 | E2: 69 | F2: 52.7 | G2: 33.3 | H2: 21 | I2: =C2/100+D2/100+E2/100+F2/100+G2/100+1 -> 4.394
A3: Arizona | B3: =INDEX(Sheet1!$A:$A,MATCH(A3,Sheet1!$B:$B,0)) -> Arizona Wildcats | C3: 99.6 | D3: 85.7 | E3: 68.8 | F3: 49.7 | G3: 32.1 | H3: 18.5 | I3: =C3/100+D3/100+E3/100+F3/100+G3/100+1 -> 4.359
A4: Michigan | B4: =INDEX(Sheet1!$A:$A,MATCH(A4,Sheet1!$B:$B,0)) -> Michigan Wolverines | C4: 99.5 | D4: 88.2 | E4: 70.9 | F4: 50.2 | G4: 30.4 | H4: 18.4 | I4: =C4/100+D4/100+E4/100+F4/100+G4/100+1 -> 4.392
A5: Florida | B5: =INDEX(Sheet1!$A:$A,MATCH(A5,Sheet1!$B:$B,0)) -> Florida Gators | C5: 99.8 | D5: 77.9 | E5: 53.2 | F5: 30.1 | G5: 15.8 | H5: 7.5 | I5: =C5/100+D5/100+E5/100+F5/100+G5/100+1 -> 3.768
A6: Houston | B6: =INDEX(Sheet1!$A:$A,MATCH(A6,Sheet1!$B:$B,0)) -> Houston Cougars | C6: 96.9 | D6: 73.5 | E6: 43.6 | F6: 25.1 | G6: 12.9 | H6: 6.1 | I6: =C6/100+D6/100+E6/100+F6/100+G6/100+1 -> 3.52
A7: Iowa St. | B7: =INDEX(Sheet1!$A:$A,MATCH(A7,Sheet1!$B:$B,0)) -> Iowa State Cyclones | C7: 98.4 | D7: 75.3 | E7: 49.4 | F7: 22.9 | G7: 11.2 | H7: 5.4 | I7: =C7/100+D7/100+E7/100+F7/100+G7/100+1 -> 3.572
A8: Illinois | B8: =INDEX(Sheet1!$A:$A,MATCH(A8,Sheet1!$B:$B,0)) -> Illinois Fighting Illini | C8: 97 | D8: 75.5 | E8: 40.8 | F8: 22.3 | G8: 10.7 | H8: 4.6 | I8: =C8/100+D8/100+E8/100+F8/100+G8/100+1 -> 3.463
A9: Purdue | B9: =INDEX(Sheet1!$A:$A,MATCH(A9,Sheet1!$B:$B,0)) -> Purdue Boilermakers | C9: 97.6 | D9: 74.9 | E9: 46.7 | F9: 20.8 | G9: 10.3 | H9: 4.3 | I9: =C9/100+D9/100+E9/100+F9/100+G9/100+1 -> 3.503
A10: Connecticut | B10: =INDEX(Sheet1!$A:$A,MATCH(A10,Sheet1!$B:$B,0)) -> UConn Huskies | C10: 95.9 | D10: 66.1 | E10: 35.5 | F10: 13.1 | G10: 4.9 | H10: 1.9 | I10: =C10/100+D10/100+E10/100+F10/100+G10/100+1 -> 3.155
A11: Michigan St. | B11: =INDEX(Sheet1!$A:$A,MATCH(A11,Sheet1!$B:$B,0)) -> Michigan State Spartans | C11: 91.6 | D11: 57.5 | E11: 32.9 | F11: 12 | G11: 4.6 | H11: 1.8 | I11: =C11/100+D11/100+E11/100+F11/100+G11/100+1 -> 2.986
A12: Gonzaga | B12: =INDEX(Sheet1!$A:$A,MATCH(A12,Sheet1!$B:$B,0)) -> Gonzaga Bulldogs | C12: 96.3 | D12: 63.4 | E12: 31.6 | F12: 11.7 | G12: 4.9 | H12: 1.7 | I12: =C12/100+D12/100+E12/100+F12/100+G12/100+1 -> 3.079
A13: Vanderbilt | B13: =INDEX(Sheet1!$A:$A,MATCH(A13,Sheet1!$B:$B,0)) -> Vanderbilt Commodores | C13: 82.3 | D13: 46.3 | E13: 19 | F13: 8 | G13: 3 | H13: 1 | I13: =C13/100+D13/100+E13/100+F13/100+G13/100+1 -> 2.586
... A69: Prairie View A&M | B69: =INDEX(Sheet1!$A:$A,MATCH(A69,Sheet1!$B:$B,0)) -> Prairie View A&M Panthers | C69: 0.08 | D69: 0.003 | E69: 0 | F69: 0 | G69: 0 | H69: 0 | I69: =C69/100+D69/100+E69/100+F69/100+G69/100+1 -> 1.00083
